{
    "ajaxform": {
        "value": 1,
        "name": "ajaxForm"
    },
    "redirectindex": {
        "value": 1,
        "name": "redirectIndex"
    },
    "modelclass": {
        "value": "app\\modules\\blog\\models\\Post",
        "name": "modelClass"
    },
    "searchmodelclass": {
        "value": "app\\modules\\blog\\models\\search\\PostSearch",
        "name": "searchModelClass"
    },
    "controllerclass": {
        "value": "app\\modules\\blog\\controllers\\PostController",
        "name": "controllerClass"
    },
    "basecontrollerclass": {
        "value": "yii\\web\\Controller",
        "name": "baseControllerClass"
    },
    "viewpath": {
        "value": "@app\/modules\/blog\/views",
        "name": "viewPath"
    },
    "pathprefix": {
        "value": "",
        "name": "pathPrefix"
    },
    "enablei18n": {
        "value": "1",
        "name": "enableI18N"
    },
    "singularentities": {
        "value": "0",
        "name": "singularEntities"
    },
    "indexwidgettype": {
        "value": "list",
        "name": "indexWidgetType"
    },
    "formlayout": {
        "value": "horizontal",
        "name": "formLayout"
    },
    "actionbuttonclass": {
        "value": "yii\\grid\\ActionColumn",
        "name": "actionButtonClass"
    },
    "providerlist": {
        "value": [
            "app\\template\\giiant\\generators\\crud\\providers\\core\\RelationProvider"
        ],
        "name": "providerList"
    },
    "template": {
        "value": "Annex",
        "name": "template"
    },
    "accessfilter": {
        "value": "0",
        "name": "accessFilter"
    },
    "modelmessagecategory": {
        "value": "models",
        "name": "modelMessageCategory"
    }
}