{"ajaxform":{"value":1,"name":"ajaxForm"},"redirectindex":{"value":1,"name":"redirectIndex"},"modelclass":{"value":"app\\modules\\notification\\models\\Notification","name":"modelClass"},"searchmodelclass":{"value":"app\\modules\\notification\\models\\search\\NotificationSearch","name":"searchModelClass"},"controllerclass":{"value":"app\\modules\\notification\\controllers\\NotificationController","name":"controllerClass"},"basecontrollerclass":{"value":"yii\\web\\Controller","name":"baseControllerClass"},"viewpath":{"value":"@app\/modules\/notification\/views","name":"viewPath"},"pathprefix":{"value":"","name":"pathPrefix"},"enablei18n":{"value":"1","name":"enableI18N"},"singularentities":{"value":"0","name":"singularEntities"},"indexwidgettype":{"value":"grid","name":"indexWidgetType"},"formlayout":{"value":"horizontal","name":"formLayout"},"actionbuttonclass":{"value":"yii\\grid\\ActionColumn","name":"actionButtonClass"},"providerlist":{"value":["app\\template\\giiant\\generators\\crud\\providers\\core\\RelationProvider"],"name":"providerList"},"template":{"value":"Annex","name":"template"},"accessfilter":{"value":"0","name":"accessFilter"},"modelmessagecategory":{"value":"models","name":"modelMessageCategory"}}